-- phpMyAdmin SQL Dump
-- version 5.2.0
-- https://www.phpmyadmin.net/
--
-- Host: 127.0.0.1
-- Generation Time: Sep 02, 2022 at 03:17 AM
-- Server version: 10.4.24-MariaDB
-- PHP Version: 8.1.6

SET SQL_MODE = "NO_AUTO_VALUE_ON_ZERO";
START TRANSACTION;
SET time_zone = "+00:00";


/*!40101 SET @OLD_CHARACTER_SET_CLIENT=@@CHARACTER_SET_CLIENT */;
/*!40101 SET @OLD_CHARACTER_SET_RESULTS=@@CHARACTER_SET_RESULTS */;
/*!40101 SET @OLD_COLLATION_CONNECTION=@@COLLATION_CONNECTION */;
/*!40101 SET NAMES utf8mb4 */;

--
-- Database: `quarzofibrasdb`
--

-- --------------------------------------------------------

--
-- Table structure for table `categoria`
--

CREATE TABLE `categoria` (
  `idCategoria` int(11) NOT NULL,
  `Nombre_Categoria` varchar(20) NOT NULL
) ENGINE=InnoDB DEFAULT CHARSET=utf8mb4;

--
-- Dumping data for table `categoria`
--

INSERT INTO `categoria` (`idCategoria`, `Nombre_Categoria`) VALUES
(1, 'Alcobas'),
(2, 'Baños'),
(3, 'Barras'),
(4, 'Closets'),
(5, 'Jacuzzis'),
(6, 'Tinas'),
(7, 'Piscinas'),
(8, 'Stands'),
(9, 'Cocinas'),
(10, 'Lavaderos'),
(11, 'Lavamanos');

-- --------------------------------------------------------

--
-- Table structure for table `celular`
--

CREATE TABLE `celular` (
  `idCelular` int(11) NOT NULL,
  `Celular1` varchar(10) DEFAULT NULL,
  `Celular2` varchar(10) DEFAULT NULL
) ENGINE=InnoDB DEFAULT CHARSET=utf8mb4;

--
-- Dumping data for table `celular`
--

INSERT INTO `celular` (`idCelular`, `Celular1`, `Celular2`) VALUES
(1, '3022225582', '3022225585');

-- --------------------------------------------------------

--
-- Table structure for table `cliente`
--

CREATE TABLE `cliente` (
  `idCliente` int(11) NOT NULL,
  `Municipio_idMunicipio` int(11) NOT NULL,
  `Telefono_idTelefono` int(11) NOT NULL,
  `Celular_idCelular` int(11) NOT NULL,
  `Correo` varchar(45) NOT NULL,
  `Direccion` varchar(45) NOT NULL,
  `Nombres` varchar(45) NOT NULL,
  `Apellidos` varchar(45) NOT NULL,
  `Fecha_Nacimiento` date NOT NULL,
  `Barrio` varchar(20) NOT NULL,
  `Contraseña` varchar(45) NOT NULL
) ENGINE=InnoDB DEFAULT CHARSET=utf8mb4;

--
-- Dumping data for table `cliente`
--

INSERT INTO `cliente` (`idCliente`, `Municipio_idMunicipio`, `Telefono_idTelefono`, `Celular_idCelular`, `Correo`, `Direccion`, `Nombres`, `Apellidos`, `Fecha_Nacimiento`, `Barrio`, `Contraseña`) VALUES
(1, 886, 1, 1, 'cproberto026@gmail.com', 'Calle 13C', 'Carlos', 'Plazas Rey', '2003-03-21', 'Ciudadela Villamil', '123456');

-- --------------------------------------------------------

--
-- Table structure for table `departamento`
--

CREATE TABLE `departamento` (
  `idDepartamento` int(11) NOT NULL,
  `Departamento` varchar(20) DEFAULT NULL,
  `Cod_Depa` int(4) DEFAULT NULL
) ENGINE=InnoDB DEFAULT CHARSET=utf8mb4;

--
-- Dumping data for table `departamento`
--

INSERT INTO `departamento` (`idDepartamento`, `Departamento`, `Cod_Depa`) VALUES
(1, 'Antioquia', 5),
(2, 'Atlantico', 8),
(3, 'D. C. Santa Fe de Bo', 11),
(4, 'Bolivar', 13),
(5, 'Boyaca', 15),
(6, 'Caldas', 17),
(7, 'Caqueta', 18),
(8, 'Cauca', 19),
(9, 'Cesar', 20),
(10, 'Cordova', 23),
(11, 'Cundinamarca', 25),
(12, 'Choco', 27),
(13, 'Huila', 41),
(14, 'La Guajira', 44),
(15, 'Magdalena', 47),
(16, 'Meta', 50),
(17, 'Nariño', 52),
(18, 'Norte de Santander', 54),
(19, 'Quindio', 63),
(20, 'Risaralda', 66),
(21, 'Santander', 68),
(22, 'Sucre', 70),
(23, 'Tolima', 73),
(24, 'Valle', 76),
(25, 'Arauca', 81),
(26, 'Casanare', 85),
(27, 'Putumayo', 86),
(28, 'San Andres', 88),
(29, 'Amazonas', 91),
(30, 'Guainia', 94),
(31, 'Guaviare', 95),
(32, 'Vaupes', 97),
(33, 'Vichada', 99);

-- --------------------------------------------------------

--
-- Table structure for table `detallesproducto`
--

CREATE TABLE `detallesproducto` (
  `idDetallesProducto` int(11) NOT NULL,
  `Categoria_idCategoria` int(11) NOT NULL,
  `Material` varchar(64) DEFAULT NULL,
  `Medidas` varchar(45) DEFAULT NULL,
  `Valor` int(10) DEFAULT NULL,
  `Nombre_Producto` varchar(45) DEFAULT NULL,
  `Descripcion` varchar(255) DEFAULT NULL,
  `Img` varchar(45) DEFAULT NULL
) ENGINE=InnoDB DEFAULT CHARSET=utf8mb4;

--
-- Dumping data for table `detallesproducto`
--

INSERT INTO `detallesproducto` (`idDetallesProducto`, `Categoria_idCategoria`, `Material`, `Medidas`, `Valor`, `Nombre_Producto`, `Descripcion`, `Img`) VALUES
(1, 1, NULL, NULL, 1000000, 'Muebles para la Alcoba', 'Juego de alcoba con muebles y mesa pequeña con vidrio', 'img/Alcobas-1.jpg'),
(2, 1, NULL, NULL, 1500000, 'Cama para Alcoba', 'Cama matrimonial de madera oscura', 'img/Alcobas-2.jpg'),
(3, 1, NULL, NULL, 1200000, 'Cama para Alcoba', 'Cama sencilla de madera oscura', 'img/Alcobas-3.jpg'),
(4, 1, NULL, NULL, 1300000, 'Cama para Alcoba', 'Cama doble de madera marrón', 'img/Alcobas-4.jpg'),
(5, 1, NULL, NULL, 1400000, 'Cama para Alcoba', 'Cama doble con mesa de noche de madera de roble', 'img/Alcobas-5.jpg'),
(6, 1, NULL, NULL, 1400000, 'Cama para Alcoba', 'Cama doble sencilla de madera maple', 'img/Alcobas-6.jpg'),
(7, 2, NULL, NULL, 600000, 'Baño', 'Lavamanos para baño con gabinetes', 'img/Baños-1.jpg'),
(8, 2, NULL, NULL, 500000, 'Baño', 'Lavamanos de cuarzo oscuro con gabinete', 'img/Baños-2.jpg'),
(9, 2, NULL, NULL, 700000, 'Baño', 'Dos lavamanos para baño con gabinetes', 'img/Baños-3.jpg'),
(10, 2, NULL, NULL, 700000, 'Baño', 'Cisterna y gabinete de cuarzo', 'img/Baños-4.jpg'),
(11, 2, NULL, NULL, 500000, 'Baño', 'Lavamanos con gabinete sencillo', 'img/Baños-5.jpg'),
(12, 2, NULL, NULL, 500000, 'Baño', '2 Lavamanos sencillos', 'img/Baños-6.jpg'),
(13, 3, NULL, NULL, 200000, 'Barra para baño', 'Barra pequeña para baño', 'img/Barras-1.jpg'),
(14, 3, NULL, NULL, 300000, 'Barra', 'Barra gris para cocina', 'img/Barras-2.jpg'),
(15, 3, NULL, NULL, 200000, 'Barra', 'Barra blanca para cocina', 'img/Barras-3.jpg'),
(16, 3, NULL, NULL, 300000, 'Barra', 'Barra negra pequeña', 'img/Barras-4.jpg'),
(17, 3, NULL, NULL, 400000, 'Barra', 'Barra negra larga', 'img/Barras-5.jpg'),
(18, 3, NULL, NULL, 200000, 'Barra', 'Barra negra pequeña', 'img/Barras-6.jpg'),
(19, 4, NULL, NULL, 500000, 'Closet', 'Closet triple', 'img/Closets-1.jpg'),
(20, 4, NULL, NULL, 500000, 'Closet', 'Closet de madera clara', 'img/Closets-2.jpg'),
(21, 4, NULL, NULL, 600000, 'Closet', 'Closet de varios compartimientos negro', 'img/Closets-3.jpg'),
(22, 4, NULL, NULL, 900000, 'Closet', 'Closet doble ', 'img/Closets-4.jpg'),
(23, 4, NULL, NULL, 500000, 'Closet', 'Closet sencillo', 'img/Closets-5.jpg'),
(24, 4, NULL, NULL, 1000000, 'Closet', 'Closet triple', 'img/Closets-6.jpg'),
(25, 5, NULL, NULL, 700000, 'Jacuzzi', 'Jacuzzi mediano', 'img/Jacuzzi-1.jpg'),
(26, 5, NULL, NULL, 900000, 'Jacuzzi', 'Jacuzzi doble', 'img/Jacuzzi-2.jpg'),
(27, 5, NULL, NULL, 600000, 'Jacuzzi', 'Jacuzzi cuadrado con bordes de madera', 'img/Jacuzzi-3.jpg'),
(28, 5, NULL, NULL, 500000, 'Jacuzzi', 'Jacuzzi pequeño', 'img/Jacuzzi-4.jpg'),
(29, 5, NULL, NULL, 500000, 'Jacuzzi', 'Jacuzzi pequeño', 'img/Jacuzzi-5.jpg'),
(30, 5, NULL, NULL, 600000, 'Jacuzzi', 'Jacuzzi con forma de corazón', 'img/Jacuzzi-6.jpg'),
(31, 6, NULL, NULL, 400000, 'Tina', 'Tina', 'img/Tinas-1.jpg'),
(32, 6, NULL, NULL, 200000, 'Tina', 'Tina', 'img/Tinas-2.jpg'),
(33, 6, NULL, NULL, 200000, 'Tina', 'Tina', 'img/Tinas-3.jpg'),
(34, 6, NULL, NULL, 300000, 'Tina', 'Tina', 'img/Tinas-4.jpg'),
(35, 6, NULL, NULL, 200000, 'Tina', 'Tina', 'img/Tinas-5.jpg'),
(36, 6, NULL, NULL, 200000, 'Tina', 'Tina', 'img/Tinas-6.jpg'),
(37, 7, NULL, NULL, 1500000, 'Piscina', 'Piscina', 'img/Piscinas-1.jpg'),
(38, 7, NULL, NULL, 1000000, 'Piscina', 'Piscina', 'img/Piscinas-2.jpg'),
(39, 7, NULL, NULL, 1500000, 'Piscina', 'Piscina', 'img/Piscinas-3.jpg'),
(40, 7, NULL, NULL, 1200000, 'Piscina', 'Piscina', 'img/Piscinas-4.jpg'),
(41, 7, NULL, NULL, 2000000, 'Piscina', 'Piscina', 'img/Piscinas-5.jpg'),
(42, 7, NULL, NULL, 2000000, 'Piscina', 'Piscina', 'img/Piscinas-6.jpg'),
(43, 8, NULL, NULL, 800000, 'Stand', 'Stand', 'img/Stands-1.jpg'),
(44, 8, NULL, NULL, 800000, 'Stand', 'Stand', 'img/Stands-2.jpg'),
(45, 8, NULL, NULL, 800000, 'Stand', 'Stand', 'img/Stands-3.jpg'),
(46, 8, NULL, NULL, 800000, 'Stand', 'Stand', 'img/Stands-4.jpg'),
(47, 8, NULL, NULL, 800000, 'Stand', 'Stand', 'img/Stands-5.jpg'),
(48, 8, NULL, NULL, 800000, 'Stand', 'Stand', 'img/Stands-6.jpg'),
(49, 9, NULL, NULL, 1200000, 'Cocina', 'Cocina', 'img/Cocinas-1.jpg'),
(50, 9, NULL, NULL, 1200000, 'Cocina', 'Cocina', 'img/Cocinas-2.jpg'),
(51, 9, NULL, NULL, 1200000, 'Cocina', 'Cocina', 'img/Cocinas-3.jpg'),
(52, 9, NULL, NULL, 1200000, 'Cocina', 'Cocina', 'img/Cocinas-4.jpg'),
(53, 9, NULL, NULL, 1200000, 'Cocina', 'Cocina', 'img/Cocinas-5.jpg'),
(54, 9, NULL, NULL, 1200000, 'Cocina', 'Cocina', 'img/Cocinas-6.jpg'),
(55, 10, NULL, NULL, 400000, 'Lavadero', 'Lavadero', 'img/Lavaderos-1.jpg'),
(56, 10, NULL, NULL, 400000, 'Lavadero', 'Lavadero', 'img/Lavaderos-2.jpg'),
(57, 10, NULL, NULL, 400000, 'Lavadero', 'Lavadero', 'img/Lavaderos-3.jpg'),
(58, 10, NULL, NULL, 400000, 'Lavadero', 'Lavadero', 'img/Lavaderos-4.jpg'),
(59, 10, NULL, NULL, 400000, 'Lavadero', 'Lavadero', 'img/Lavaderos-5.jpg'),
(60, 10, NULL, NULL, 400000, 'Lavadero', 'Lavadero', 'img/Lavaderos-6.jpg'),
(61, 11, NULL, NULL, 300000, 'Lavamano', 'Lavamano', 'img/Lavamanos-1.jpg'),
(62, 11, NULL, NULL, 300000, 'Lavamano', 'Lavamano', 'img/Lavamanos-2.jpg'),
(63, 11, NULL, NULL, 300000, 'Lavamano', 'Lavamano', 'img/Lavamanos-3.jpg'),
(64, 11, NULL, NULL, 300000, 'Lavamano', 'Lavamano', 'img/Lavamanos-4.jpg'),
(65, 11, NULL, NULL, 300000, 'Lavamano', 'Lavamano', 'img/Lavamanos-5.jpg'),
(66, 11, NULL, NULL, 300000, 'Lavamano', 'Lavamano', 'img/Lavamanos-6.jpg');

-- --------------------------------------------------------

--
-- Table structure for table `municipio`
--

CREATE TABLE `municipio` (
  `idMunicipio` int(11) NOT NULL,
  `Departamento_idDepartamento` int(11) NOT NULL,
  `Municipio` varchar(20) DEFAULT NULL,
  `Cod_Muni` int(3) DEFAULT NULL
) ENGINE=InnoDB DEFAULT CHARSET=utf8mb4;

--
-- Dumping data for table `municipio`
--

INSERT INTO `municipio` (`idMunicipio`, `Departamento_idDepartamento`, `Municipio`, `Cod_Muni`) VALUES
(1, 1, 'MEDELLIN', 1),
(2, 1, 'ABEJORRAL', 2),
(3, 1, 'ABRIAQUI', 4),
(4, 1, 'ALEJANDRIA', 21),
(5, 1, 'AMAGA', 30),
(6, 1, 'AMALFI', 31),
(7, 1, 'ANDES', 34),
(8, 1, 'ANGELOPOLIS', 36),
(9, 1, 'ANGOSTURA', 38),
(10, 1, 'ANORI', 40),
(11, 1, 'ANTIOQUIA', 42),
(12, 1, 'ANZA', 44),
(13, 1, 'APARTADO', 45),
(14, 1, 'ARBOLETES', 51),
(15, 1, 'ARGELIA', 55),
(16, 1, 'ARMENIA', 59),
(17, 1, 'BARBOSA', 79),
(18, 1, 'BELMIRA', 86),
(19, 1, 'BELLO', 88),
(20, 1, 'BETANIA', 91),
(21, 1, 'BETULIA', 93),
(22, 1, 'BOLIVAR', 101),
(23, 1, 'BRICEÑO', 107),
(24, 1, 'BURITICA', 113),
(25, 1, 'CACERES', 120),
(26, 1, 'CAICEDO', 125),
(27, 1, 'CALDAS', 129),
(28, 1, 'CAMPAMENTO', 134),
(29, 1, 'CAÑASGORDAS', 138),
(30, 1, 'CARACOLI', 142),
(31, 1, 'CARAMANTA', 145),
(32, 1, 'CAREPA', 147),
(33, 1, 'CARMEN DE VIBORAL', 148),
(34, 1, 'CAROLINA', 150),
(35, 1, 'CAUCASIA', 154),
(36, 1, 'CHIGORODO', 172),
(37, 1, 'CISNEROS', 190),
(38, 1, 'COCORNA', 197),
(39, 1, 'CONCEPCION', 206),
(40, 1, 'CONCORDIA', 209),
(41, 1, 'COPACABANA', 212),
(42, 1, 'DABEIBA', 234),
(43, 1, 'DON MATIAS', 237),
(44, 1, 'EBEJICO', 240),
(45, 1, 'EL BAGRE', 250),
(46, 1, 'ENTRERRIOS', 264),
(47, 1, 'ENVIGADO', 266),
(48, 1, 'FREDONIA', 282),
(49, 1, 'FRONTINO', 284),
(50, 1, 'GIRALDO', 306),
(51, 1, 'GIRARDOTA', 308),
(52, 1, 'GOMEZ PLATA', 310),
(53, 1, 'GRANADA', 313),
(54, 1, 'GUADALUPE', 315),
(55, 1, 'GUARNE', 318),
(56, 1, 'GUATAPE', 321),
(57, 1, 'HELICONIA', 347),
(58, 1, 'HISPANIA', 353),
(59, 1, 'ITAGUI', 360),
(60, 1, 'ITUANGO', 361),
(61, 1, 'JARDIN', 364),
(62, 1, 'JERICO', 368),
(63, 1, 'LA CEJA', 376),
(64, 1, 'LA ESTRELLA', 380),
(65, 1, 'LA PINTADA', 390),
(66, 1, 'LA UNION', 400),
(67, 1, 'LIBORINA', 411),
(68, 1, 'MACEO', 425),
(69, 1, 'MARINILLA', 440),
(70, 1, 'MONTEBELLO', 467),
(71, 1, 'MURINDO', 475),
(72, 1, 'MUTATA', 480),
(73, 1, 'NARIÑO', 483),
(74, 1, 'NECOCLI', 490),
(75, 1, 'NECHI', 495),
(76, 1, 'OLAYA', 501),
(77, 1, 'PEÑOL', 541),
(78, 1, 'PEQUE', 543),
(79, 1, 'PUEBLORRICO', 576),
(80, 1, 'PUERTO BERRIO', 579),
(81, 1, 'PUERTO NARE (LA MAGD', 585),
(82, 1, 'PUERTO TRIUNFO', 591),
(83, 1, 'REMEDIOS', 604),
(84, 1, 'RETIRO', 607),
(85, 1, 'RIONEGRO', 615),
(86, 1, 'SABANALARGA', 628),
(87, 1, 'SABANETA', 631),
(88, 1, 'SALGAR', 642),
(89, 1, 'SAN ANDRES', 647),
(90, 1, 'SAN CARLOS', 649),
(91, 1, 'SAN FRANCISCO', 652),
(92, 1, 'SAN JERONIMO', 656),
(93, 1, 'SAN JOSE DE LA MONTA', 658),
(94, 1, 'SAN JUAN DE URABA', 659),
(95, 1, 'SAN LUIS', 660),
(96, 1, 'SAN PEDRO', 664),
(97, 1, 'SAN PEDRO DE URABA', 665),
(98, 1, 'SAN RAFAEL', 667),
(99, 1, 'SAN ROQUE', 670),
(100, 1, 'SAN VICENTE', 674),
(101, 1, 'SANTA BARBARA', 679),
(102, 1, 'SANTA ROSA DE OSOS', 686),
(103, 1, 'SANTO DOMINGO', 690),
(104, 1, 'SANTUARIO', 697),
(105, 1, 'SEGOVIA', 736),
(106, 1, 'SONSON', 756),
(107, 1, 'SOPETRAN', 761),
(108, 1, 'TAMESIS', 789),
(109, 1, 'TARAZA', 790),
(110, 1, 'TARSO', 792),
(111, 1, 'TITIRIBI', 809),
(112, 1, 'TOLEDO', 819),
(113, 1, 'TURBO', 837),
(114, 1, 'URAMITA', 842),
(115, 1, 'URRAO', 847),
(116, 1, 'VALDIVIA', 854),
(117, 1, 'VALPARAISO', 856),
(118, 1, 'VEGACHI', 858),
(119, 1, 'VENECIA', 861),
(120, 1, 'VIGIA DEL FUERTE', 873),
(121, 1, 'YALI', 885),
(122, 1, 'YARUMAL', 887),
(123, 1, 'YOLOMBO', 890),
(124, 1, 'YONDO', 893),
(125, 1, 'ZARAGOZA', 895),
(126, 2, 'BARRANQUILLA (DISTRI', 1),
(127, 2, 'BARANOA', 78),
(128, 2, 'CAMPO DE LA CRUZ', 137),
(129, 2, 'CANDELARIA', 141),
(130, 2, 'GALAPA', 296),
(131, 2, 'JUAN DE ACOSTA', 372),
(132, 2, 'LURUACO', 421),
(133, 2, 'MALAMBO', 433),
(134, 2, 'MANATI', 436),
(135, 2, 'PALMAR DE VARELA', 520),
(136, 2, 'PIOJO', 549),
(137, 2, 'POLO NUEVO', 558),
(138, 2, 'PONEDERA', 560),
(139, 2, 'PUERTO COLOMBIA', 573),
(140, 2, 'REPELON', 606),
(141, 2, 'SABANAGRANDE', 634),
(142, 2, 'SABANALARGA', 638),
(143, 2, 'SANTA LUCIA', 675),
(144, 2, 'SANTO TOMAS', 685),
(145, 2, 'SOLEDAD', 758),
(146, 2, 'SUAN', 770),
(147, 2, 'TUBARA', 832),
(148, 2, 'USIACURI', 849),
(149, 3, 'Santa Fe de Bogotá', 1),
(150, 3, 'USAQUEN', 1),
(151, 3, 'CHAPINERO', 2),
(152, 3, 'SANTA FE', 3),
(153, 3, 'SAN CRISTOBAL', 4),
(154, 3, 'USME', 5),
(155, 3, 'TUNJUELITO', 6),
(156, 3, 'BOSA', 7),
(157, 3, 'KENNEDY', 8),
(158, 3, 'FONTIBON', 9),
(159, 3, 'ENGATIVA', 10),
(160, 3, 'SUBA', 11),
(161, 3, 'BARRIOS UNIDOS', 12),
(162, 3, 'TEUSAQUILLO', 13),
(163, 3, 'MARTIRES', 14),
(164, 3, 'ANTONIO NARIÑO', 15),
(165, 3, 'PUENTE ARANDA', 16),
(166, 3, 'CANDELARIA', 17),
(167, 3, 'RAFAEL URIBE', 18),
(168, 3, 'CIUDAD BOLIVAR', 19),
(169, 3, 'SUMAPAZ', 20),
(170, 4, 'CARTAGENA (DISTRITO ', 1),
(171, 4, 'ACHI', 6),
(172, 4, 'ALTOS DEL ROSARIO', 30),
(173, 4, 'ARENAL', 42),
(174, 4, 'ARJONA', 52),
(175, 4, 'ARROYOHONDO', 62),
(176, 4, 'BARRANCO DE LOBA', 74),
(177, 4, 'CALAMAR', 140),
(178, 4, 'CANTAGALLO', 160),
(179, 4, 'CICUCO', 188),
(180, 4, 'CORDOBA', 212),
(181, 4, 'CLEMENCIA', 222),
(182, 4, 'EL CARMEN DE BOLIVAR', 244),
(183, 4, 'EL GUAMO', 248),
(184, 4, 'EL PEÑON', 268),
(185, 4, 'HATILLO DE LOBA', 300),
(186, 4, 'MAGANGUE', 430),
(187, 4, 'MAHATES', 433),
(188, 4, 'MARGARITA', 440),
(189, 4, 'MARIA LA BAJA', 442),
(190, 4, 'MONTECRISTO', 458),
(191, 4, 'MOMPOS', 468),
(192, 4, 'MORALES', 473),
(193, 4, 'PINILLOS', 549),
(194, 4, 'REGIDOR', 580),
(195, 4, 'RIO VIEJO', 600),
(196, 4, 'SAN CRISTOBAL', 620),
(197, 4, 'SAN ESTANISLAO', 647),
(198, 4, 'SAN FERNANDO', 650),
(199, 4, 'SAN JACINTO', 654),
(200, 4, 'SAN JACINTO DEL CAUC', 655),
(201, 4, 'SAN JUAN NEPOMUCENO', 657),
(202, 4, 'SAN MARTIN DE LOBA', 667),
(203, 4, 'SAN PABLO', 670),
(204, 4, 'SANTA CATALINA', 673),
(205, 4, 'SANTA ROSA', 683),
(206, 4, 'SANTA ROSA DEL SUR', 688),
(207, 4, 'SIMITI', 744),
(208, 4, 'SOPLAVIENTO', 760),
(209, 4, 'TALAIGUA NUEVO', 780),
(210, 4, 'TIQUISIO (PUERTO RIC', 810),
(211, 4, 'TURBACO', 836),
(212, 4, 'TURBANA', 838),
(213, 4, 'VILLANUEVA', 873),
(214, 4, 'ZAMBRANO', 894),
(215, 5, 'TUNJA', 1),
(216, 5, 'ALMEIDA', 22),
(217, 5, 'AQUITANIA', 47),
(218, 5, 'ARCABUCO', 51),
(219, 5, 'BELEN', 87),
(220, 5, 'BERBEO', 90),
(221, 5, 'BETEITIVA', 92),
(222, 5, 'BOAVITA', 97),
(223, 5, 'BOYACA', 104),
(224, 5, 'BRICEÑO', 106),
(225, 5, 'BUENAVISTA', 109),
(226, 5, 'BUSBANZA', 114),
(227, 5, 'CALDAS', 131),
(228, 5, 'CAMPOHERMOSO', 135),
(229, 5, 'CERINZA', 162),
(230, 5, 'CHINAVITA', 172),
(231, 5, 'CHIQUINQUIRA', 176),
(232, 5, 'CHISCAS', 180),
(233, 5, 'CHITA', 183),
(234, 5, 'CHITARAQUE', 185),
(235, 5, 'CHIVATA', 187),
(236, 5, 'CIENEGA', 189),
(237, 5, 'COMBITA', 204),
(238, 5, 'COPER', 212),
(239, 5, 'CORRALES', 215),
(240, 5, 'COVARACHIA', 218),
(241, 5, 'CUBARA', 223),
(242, 5, 'CUCAITA', 224),
(243, 5, 'CUITIVA', 226),
(244, 5, 'CHIQUIZA', 232),
(245, 5, 'CHIVOR', 236),
(246, 5, 'DUITAMA', 238),
(247, 5, 'EL COCUY', 244),
(248, 5, 'EL ESPINO', 248),
(249, 5, 'FIRAVITOBA', 272),
(250, 5, 'FLORESTA', 276),
(251, 5, 'GACHANTIVA', 293),
(252, 5, 'GAMEZA', 296),
(253, 5, 'GARAGOA', 299),
(254, 5, 'GUACAMAYAS', 317),
(255, 5, 'GUATEQUE', 322),
(256, 5, 'GUAYATA', 325),
(257, 5, 'GUICAN', 332),
(258, 5, 'IZA', 362),
(259, 5, 'JENESANO', 367),
(260, 5, 'JERICO', 368),
(261, 5, 'LABRANZAGRANDE', 377),
(262, 5, 'LA CAPILLA', 380),
(263, 5, 'LA VICTORIA', 401),
(264, 5, 'LA UVITA', 403),
(265, 5, 'VILLA DE LEIVA', 407),
(266, 5, 'MACANAL', 425),
(267, 5, 'MARIPI', 442),
(268, 5, 'MIRAFLORES', 455),
(269, 5, 'MONGUA', 464),
(270, 5, 'MONGUI', 466),
(271, 5, 'MONIQUIRA', 469),
(272, 5, 'MOTAVITA', 476),
(273, 5, 'MUZO', 480),
(274, 5, 'NOBSA', 491),
(275, 5, 'NUEVO COLON', 494),
(276, 5, 'OICATA', 500),
(277, 5, 'OTANCHE', 507),
(278, 5, 'PACHAVITA', 511),
(279, 5, 'PAEZ', 514),
(280, 5, 'PAIPA', 516),
(281, 5, 'PAJARITO', 518),
(282, 5, 'PANQUEBA', 522),
(283, 5, 'PAUNA', 531),
(284, 5, 'PAYA', 533),
(285, 5, 'PAZ DEL RIO', 537),
(286, 5, 'PESCA', 542),
(287, 5, 'PISBA', 550),
(288, 5, 'PUERTO BOYACA', 572),
(289, 5, 'QUIPAMA', 580),
(290, 5, 'RAMIRIQUI', 599),
(291, 5, 'RAQUIRA', 600),
(292, 5, 'RONDON', 621),
(293, 5, 'SABOYA', 632),
(294, 5, 'SACHICA', 638),
(295, 5, 'SAMACA', 646),
(296, 5, 'SAN EDUARDO', 660),
(297, 5, 'SAN JOSE DE PARE', 664),
(298, 5, 'SAN LUIS DE GACENO', 667),
(299, 5, 'SAN MATEO', 673),
(300, 5, 'SAN MIGUEL DE SEMA', 676),
(301, 5, 'SAN PABLO DE BORBUR', 681),
(302, 5, 'SANTANA', 686),
(303, 5, 'SANTA MARIA', 690),
(304, 5, 'SANTA ROSA DE VITERB', 693),
(305, 5, 'SANTA SOFIA', 696),
(306, 5, 'SATIVANORTE', 720),
(307, 5, 'SATIVASUR', 723),
(308, 5, 'SIACHOQUE', 740),
(309, 5, 'SOATA', 753),
(310, 5, 'SOCOTA', 755),
(311, 5, 'SOCHA', 757),
(312, 5, 'SOGAMOSO', 759),
(313, 5, 'SOMONDOCO', 761),
(314, 5, 'SORA', 762),
(315, 5, 'SOTAQUIRA', 763),
(316, 5, 'SORACA', 764),
(317, 5, 'SUSACON', 774),
(318, 5, 'SUTAMARCHAN', 776),
(319, 5, 'SUTATENZA', 778),
(320, 5, 'TASCO', 790),
(321, 5, 'TENZA', 798),
(322, 5, 'TIBANA', 804),
(323, 5, 'TIBASOSA', 806),
(324, 5, 'TINJACA', 808),
(325, 5, 'TIPACOQUE', 810),
(326, 5, 'TOCA', 814),
(327, 5, 'TOGUI', 816),
(328, 5, 'TOPAGA', 820),
(329, 5, 'TOTA', 822),
(330, 5, 'TUNUNGUA', 832),
(331, 5, 'TURMEQUE', 835),
(332, 5, 'TUTA', 837),
(333, 5, 'TUTASA', 839),
(334, 5, 'UMBITA', 842),
(335, 5, 'VENTAQUEMADA', 861),
(336, 5, 'VIRACACHA', 879),
(337, 5, 'ZETAQUIRA', 897),
(338, 6, 'MANIZALES', 1),
(339, 6, 'AGUADAS', 13),
(340, 6, 'ANSERMA', 42),
(341, 6, 'ARANZAZU', 50),
(342, 6, 'BELALCAZAR', 88),
(343, 6, 'CHINCHINA', 174),
(344, 6, 'FILADELFIA', 272),
(345, 6, 'LA DORADA', 380),
(346, 6, 'LA MERCED', 388),
(347, 6, 'MANZANARES', 433),
(348, 6, 'MARMATO', 442),
(349, 6, 'MARQUETALIA', 444),
(350, 6, 'MARULANDA', 446),
(351, 6, 'NEIRA', 486),
(352, 6, 'NORCASIA', 495),
(353, 6, 'PACORA', 513),
(354, 6, 'PALESTINA', 524),
(355, 6, 'PENSILVANIA', 541),
(356, 6, 'RIOSUCIO', 614),
(357, 6, 'RISARALDA', 616),
(358, 6, 'SALAMINA', 653),
(359, 6, 'SAMANA', 662),
(360, 6, 'SAN JOSE', 665),
(361, 6, 'SUPIA', 777),
(362, 6, 'VICTORIA', 867),
(363, 6, 'VILLAMARIA', 873),
(364, 6, 'VITERBO', 877),
(365, 7, 'FLORENCIA', 1),
(366, 7, 'ALBANIA', 29),
(367, 7, 'BELEN DE LOS ANDAQUI', 94),
(368, 7, 'CARTAGENA DEL CHAIRA', 150),
(369, 7, 'CURILLO', 205),
(370, 7, 'EL DONCELLO', 247),
(371, 7, 'EL PAUJIL', 256),
(372, 7, 'LA MONTAÑITA', 410),
(373, 7, 'MILAN', 460),
(374, 7, 'MORELIA', 479),
(375, 7, 'PUERTO RICO', 592),
(376, 7, 'SAN JOSE DE FRAGUA', 610),
(377, 7, 'SAN VICENTE DEL CAGU', 753),
(378, 7, 'SOLANO', 756),
(379, 7, 'SOLITA', 785),
(380, 7, 'VALPARAISO', 860),
(381, 8, 'POPAYAN', 1),
(382, 8, 'ALMAGUER', 22),
(383, 8, 'ARGELIA', 50),
(384, 8, 'BALBOA', 75),
(385, 8, 'BOLIVAR', 100),
(386, 8, 'BUENOS AIRES', 110),
(387, 8, 'CAJIBIO', 130),
(388, 8, 'CALDONO', 137),
(389, 8, 'CALOTO', 142),
(390, 8, 'CORINTO', 212),
(391, 8, 'EL TAMBO', 256),
(392, 8, 'FLORENCIA', 290),
(393, 8, 'GUAPI', 318),
(394, 8, 'INZA', 355),
(395, 8, 'JAMBALO', 364),
(396, 8, 'LA SIERRA', 392),
(397, 8, 'LA VEGA', 397),
(398, 8, 'LOPEZ (MICAY)', 418),
(399, 8, 'MERCADERES', 450),
(400, 8, 'MIRANDA', 455),
(401, 8, 'MORALES', 473),
(402, 8, 'PADILLA', 513),
(403, 8, 'PAEZ (BELALCAZAR)', 517),
(404, 8, 'PATIA (EL BORDO)', 532),
(405, 8, 'PIAMONTE', 533),
(406, 8, 'PIENDAMO', 548),
(407, 8, 'PUERTO TEJADA', 573),
(408, 8, 'PURACE (COCONUCO)', 585),
(409, 8, 'ROSAS', 622),
(410, 8, 'SAN SEBASTIAN', 693),
(411, 8, 'SANTANDER DE QUILICH', 698),
(412, 8, 'SANTA ROSA', 701),
(413, 8, 'SILVIA', 743),
(414, 8, 'SOTARA (PAISPAMBA)', 760),
(415, 8, 'SUAREZ', 780),
(416, 8, 'TIMBIO', 807),
(417, 8, 'TIMBIQUI', 809),
(418, 8, 'TORIBIO', 821),
(419, 8, 'TOTORO', 824),
(420, 8, 'VILLARICA', 845),
(421, 9, 'VALLEDUPAR', 1),
(422, 9, 'AGUACHICA', 11),
(423, 9, 'AGUSTIN CODAZZI', 13),
(424, 9, 'ASTREA', 32),
(425, 9, 'BECERRIL', 45),
(426, 9, 'BOSCONIA', 60),
(427, 9, 'CHIMICHAGUA', 175),
(428, 9, 'CHIRIGUANA', 178),
(429, 9, 'CURUMANI', 228),
(430, 9, 'EL COPEY', 238),
(431, 9, 'EL PASO', 250),
(432, 9, 'GAMARRA', 295),
(433, 9, 'GONZALEZ', 310),
(434, 9, 'LA GLORIA', 383),
(435, 9, 'LA JAGUA IBIRICO', 400),
(436, 9, 'MANAURE (BALCON DEL ', 443),
(437, 9, 'PAILITAS', 517),
(438, 9, 'PELAYA', 550),
(439, 9, 'PUEBLO BELLO', 570),
(440, 9, 'RIO DE ORO', 614),
(441, 9, 'LA PAZ (ROBLES)', 621),
(442, 9, 'SAN ALBERTO', 710),
(443, 9, 'SAN DIEGO', 750),
(444, 9, 'SAN MARTIN', 770),
(445, 9, 'TAMALAMEQUE', 787),
(446, 10, 'MONTERIA', 1),
(447, 10, 'AYAPEL', 68),
(448, 10, 'BUENAVISTA', 79),
(449, 10, 'CANALETE', 90),
(450, 10, 'CERETE', 162),
(451, 10, 'CHIMA', 168),
(452, 10, 'CHINU', 182),
(453, 10, 'CIENAGA DE ORO', 189),
(454, 10, 'COTORRA', 300),
(455, 10, 'LA APARTADA', 350),
(456, 10, 'LORICA', 417),
(457, 10, 'LOS CORDOBAS', 419),
(458, 10, 'MOMIL', 464),
(459, 10, 'MONTELIBANO', 466),
(460, 10, 'MOÑITOS', 500),
(461, 10, 'PLANETA RICA', 555),
(462, 10, 'PUEBLO NUEVO', 570),
(463, 10, 'PUERTO ESCONDIDO', 574),
(464, 10, 'PUERTO LIBERTADOR', 580),
(465, 10, 'PURISIMA', 586),
(466, 10, 'SAHAGUN', 660),
(467, 10, 'SAN ANDRES SOTAVENTO', 670),
(468, 10, 'SAN ANTERO', 672),
(469, 10, 'SAN BERNARDO DEL VIE', 675),
(470, 10, 'SAN CARLOS', 678),
(471, 10, 'SAN PELAYO', 686),
(472, 10, 'TIERRALTA', 807),
(473, 10, 'VALENCIA', 855),
(474, 11, 'AGUA DE DIOS', 1),
(475, 11, 'ALBAN', 19),
(476, 11, 'ANAPOIMA', 35),
(477, 11, 'ANOLAIMA', 40),
(478, 11, 'ARBELAEZ', 53),
(479, 11, 'BELTRAN', 86),
(480, 11, 'BITUIMA', 95),
(481, 11, 'BOJACA', 99),
(482, 11, 'CABRERA', 120),
(483, 11, 'CACHIPAY', 123),
(484, 11, 'CAJICA', 126),
(485, 11, 'CAPARRAPI', 148),
(486, 11, 'CAQUEZA', 151),
(487, 11, 'CARMEN DE CARUPA', 154),
(488, 11, 'CHAGUANI', 168),
(489, 11, 'CHIA', 175),
(490, 11, 'CHIPAQUE', 178),
(491, 11, 'CHOACHI', 181),
(492, 11, 'CHOCONTA', 183),
(493, 11, 'COGUA', 200),
(494, 11, 'COTA', 214),
(495, 11, 'CUCUNUBA', 224),
(496, 11, 'EL COLEGIO', 245),
(497, 11, 'EL PEÑON', 258),
(498, 11, 'EL ROSAL', 260),
(499, 11, 'FACATATIVA', 269),
(500, 11, 'FOMEQUE', 279),
(501, 11, 'FOSCA', 281),
(502, 11, 'FUNZA', 286),
(503, 11, 'FUQUENE', 288),
(504, 11, 'FUSAGASUGA', 290),
(505, 11, 'GACHALA', 293),
(506, 11, 'GACHANCIPA', 295),
(507, 11, 'GACHETA', 297),
(508, 11, 'GAMA', 299),
(509, 11, 'GIRARDOT', 307),
(510, 11, 'GRANADA', 312),
(511, 11, 'GUACHETA', 317),
(512, 11, 'GUADUAS', 320),
(513, 11, 'GUASCA', 322),
(514, 11, 'GUATAQUI', 324),
(515, 11, 'GUATAVITA', 326),
(516, 11, 'GUAYABAL DE SIQUIMA', 328),
(517, 11, 'GUAYABETAL', 335),
(518, 11, 'GUTIERREZ', 339),
(519, 11, 'JERUSALEN', 368),
(520, 11, 'JUNIN', 372),
(521, 11, 'LA CALERA', 377),
(522, 11, 'LA MESA', 386),
(523, 11, 'LA PALMA', 394),
(524, 11, 'LA PEÑA', 398),
(525, 11, 'LA VEGA', 402),
(526, 11, 'LENGUAZAQUE', 407),
(527, 11, 'MACHETA', 426),
(528, 11, 'MADRID', 430),
(529, 11, 'MANTA', 436),
(530, 11, 'MEDINA', 438),
(531, 11, 'MOSQUERA', 473),
(532, 11, 'NARIÑO', 483),
(533, 11, 'NEMOCON', 486),
(534, 11, 'NILO', 488),
(535, 11, 'NIMAIMA', 489),
(536, 11, 'NOCAIMA', 491),
(537, 11, 'VENECIA (OSPINA PERE', 506),
(538, 11, 'PACHO', 513),
(539, 11, 'PAIME', 518),
(540, 11, 'PANDI', 524),
(541, 11, 'PARATEBUENO', 530),
(542, 11, 'PASCA', 535),
(543, 11, 'PUERTO SALGAR', 572),
(544, 11, 'PULI', 580),
(545, 11, 'QUEBRADANEGRA', 592),
(546, 11, 'QUETAME', 594),
(547, 11, 'QUIPILE', 596),
(548, 11, 'APULO (RAFAEL REYES)', 599),
(549, 11, 'RICAURTE', 612),
(550, 11, 'SAN ANTONIO DEL TEQU', 645),
(551, 11, 'SAN BERNARDO', 649),
(552, 11, 'SAN CAYETANO', 653),
(553, 11, 'SAN FRANCISCO', 658),
(554, 11, 'SAN JUAN DE RIOSECO', 662),
(555, 11, 'SASAIMA', 718),
(556, 11, 'SESQUILE', 736),
(557, 11, 'SIBATE', 740),
(558, 11, 'SILVANIA', 743),
(559, 11, 'SIMIJACA', 745),
(560, 11, 'SOACHA', 754),
(561, 11, 'SOPO', 758),
(562, 11, 'SUBACHOQUE', 769),
(563, 11, 'SUESCA', 772),
(564, 11, 'SUPATA', 777),
(565, 11, 'SUSA', 779),
(566, 11, 'SUTATAUSA', 781),
(567, 11, 'TABIO', 785),
(568, 11, 'TAUSA', 793),
(569, 11, 'TENA', 797),
(570, 11, 'TENJO', 799),
(571, 11, 'TIBACUY', 805),
(572, 11, 'TIBIRITA', 807),
(573, 11, 'TOCAIMA', 815),
(574, 11, 'TOCANCIPA', 817),
(575, 11, 'TOPAIPI', 823),
(576, 11, 'UBALA', 839),
(577, 11, 'UBAQUE', 841),
(578, 11, 'UBATE', 843),
(579, 11, 'UNE', 845),
(580, 11, 'UTICA', 851),
(581, 11, 'VERGARA', 862),
(582, 11, 'VIANI', 867),
(583, 11, 'VILLAGOMEZ', 871),
(584, 11, 'VILLAPINZON', 873),
(585, 11, 'VILLETA', 875),
(586, 11, 'VIOTA', 878),
(587, 11, 'YACOPI', 885),
(588, 11, 'ZIPACON', 898),
(589, 11, 'ZIPAQUIRA', 899),
(590, 12, 'QUIBDO (SAN FRANCISC', 1),
(591, 12, 'ACANDI', 6),
(592, 12, 'ALTO BAUDO (PIE DE P', 25),
(593, 12, 'ATRATO', 50),
(594, 12, 'BAGADO', 73),
(595, 12, 'BAHIA SOLANO (MUTIS)', 75),
(596, 12, 'BAJO BAUDO (PIZARRO)', 77),
(597, 12, 'BOJAYA (BELLAVISTA)', 99),
(598, 12, 'CANTON DE SAN PABLO ', 135),
(599, 12, 'CONDOTO', 205),
(600, 12, 'EL CARMEN DE ATRATO', 245),
(601, 12, 'LITORAL DEL BAJO SAN', 250),
(602, 12, 'ISTMINA', 361),
(603, 12, 'JURADO', 372),
(604, 12, 'LLORO', 413),
(605, 12, 'MEDIO ATRATO', 425),
(606, 12, 'MEDIO BAUDO', 430),
(607, 12, 'NOVITA', 491),
(608, 12, 'NUQUI', 495),
(609, 12, 'RIOQUITO', 600),
(610, 12, 'RIOSUCIO', 615),
(611, 12, 'SAN JOSE DEL PALMAR', 660),
(612, 12, 'SIPI', 745),
(613, 12, 'TADO', 787),
(614, 12, 'UNGUIA', 800),
(615, 12, 'UNION PANAMERICANA', 810),
(616, 13, 'NEIVA', 1),
(617, 13, 'ACEVEDO', 6),
(618, 13, 'AGRADO', 13),
(619, 13, 'AIPE', 16),
(620, 13, 'ALGECIRAS', 20),
(621, 13, 'ALTAMIRA', 26),
(622, 13, 'BARAYA', 78),
(623, 13, 'CAMPOALEGRE', 132),
(624, 13, 'COLOMBIA', 206),
(625, 13, 'ELIAS', 244),
(626, 13, 'GARZON', 298),
(627, 13, 'GIGANTE', 306),
(628, 13, 'GUADALUPE', 319),
(629, 13, 'HOBO', 349),
(630, 13, 'IQUIRA', 357),
(631, 13, 'ISNOS (SAN JOSE DE I', 359),
(632, 13, 'LA ARGENTINA', 378),
(633, 13, 'LA PLATA', 396),
(634, 13, 'NATAGA', 483),
(635, 13, 'OPORAPA', 503),
(636, 13, 'PAICOL', 518),
(637, 13, 'PALERMO', 524),
(638, 13, 'PALESTINA', 530),
(639, 13, 'PITAL', 548),
(640, 13, 'PITALITO', 551),
(641, 13, 'RIVERA', 615),
(642, 13, 'SALADOBLANCO', 660),
(643, 13, 'SAN AGUSTIN', 668),
(644, 13, 'SANTA MARIA', 676),
(645, 13, 'SUAZA', 770),
(646, 13, 'TARQUI', 791),
(647, 13, 'TESALIA', 797),
(648, 13, 'TELLO', 799),
(649, 13, 'TERUEL', 801),
(650, 13, 'TIMANA', 807),
(651, 13, 'VILLAVIEJA', 872),
(652, 13, 'YAGUARA', 885),
(653, 14, 'RIOHACHA', 1),
(654, 14, 'BARRANCAS', 78),
(655, 14, 'DIBULLA', 90),
(656, 14, 'DISTRACCION', 98),
(657, 14, 'EL MOLINO', 110),
(658, 14, 'FONSECA', 279),
(659, 14, 'HATONUEVO', 378),
(660, 14, 'LA JAGUA DEL PILAR', 420),
(661, 14, 'MAICAO', 430),
(662, 14, 'MANAURE', 560),
(663, 14, 'SAN JUAN DEL CESAR', 650),
(664, 14, 'URIBIA', 847),
(665, 14, 'URUMITA', 855),
(666, 14, 'VILLANUEVA', 874),
(667, 15, 'SANTA MARTA (DISTRIT', 1),
(668, 15, 'ALGARROBO', 30),
(669, 15, 'ARACATACA', 53),
(670, 15, 'ARIGUANI (EL DIFICIL', 58),
(671, 15, 'CERRO SAN ANTONIO', 161),
(672, 15, 'CHIVOLO', 170),
(673, 15, 'CIENAGA', 189),
(674, 15, 'CONCORDIA', 205),
(675, 15, 'EL BANCO', 245),
(676, 15, 'EL PIÑON', 258),
(677, 15, 'EL RETEN', 268),
(678, 15, 'FUNDACION', 288),
(679, 15, 'GUAMAL', 318),
(680, 15, 'PEDRAZA', 541),
(681, 15, 'PIJIÑO DEL CARMEN (P', 545),
(682, 15, 'PIVIJAY', 551),
(683, 15, 'PLATO', 555),
(684, 15, 'PUEBLOVIEJO', 570),
(685, 15, 'REMOLINO', 605),
(686, 15, 'SABANAS DE SAN ANGEL', 660),
(687, 15, 'SALAMINA', 675),
(688, 15, 'SAN SEBASTIAN DE BUE', 692),
(689, 15, 'SAN ZENON', 703),
(690, 15, 'SANTA ANA', 707),
(691, 15, 'SITIONUEVO', 745),
(692, 15, 'TENERIFE', 798),
(693, 16, 'VILLAVICENCIO', 1),
(694, 16, 'ACACIAS', 6),
(695, 16, 'BARRANCA DE UPIA', 110),
(696, 16, 'CABUYARO', 124),
(697, 16, 'CASTILLA LA NUEVA', 150),
(698, 16, 'SAN LUIS DE CUBARRAL', 223),
(699, 16, 'CUMARAL', 226),
(700, 16, 'EL CALVARIO', 245),
(701, 16, 'EL CASTILLO', 251),
(702, 16, 'EL DORADO', 270),
(703, 16, 'FUENTE DE ORO', 287),
(704, 16, 'GRANADA', 313),
(705, 16, 'GUAMAL', 318),
(706, 16, 'MAPIRIPAN', 325),
(707, 16, 'MESETAS', 330),
(708, 16, 'LA MACARENA', 350),
(709, 16, 'LA URIBE', 370),
(710, 16, 'LEJANIAS', 400),
(711, 16, 'PUERTO CONCORDIA', 450),
(712, 16, 'PUERTO GAITAN', 568),
(713, 16, 'PUERTO LOPEZ', 573),
(714, 16, 'PUERTO LLERAS', 577),
(715, 16, 'PUERTO RICO', 590),
(716, 16, 'RESTREPO', 606),
(717, 16, 'SAN CARLOS DE GUAROA', 680),
(718, 16, 'SAN JUAN DE ARAMA', 683),
(719, 16, 'SAN JUANITO', 686),
(720, 16, 'SAN MARTIN', 689),
(721, 16, 'VISTAHERMOSA', 711),
(722, 17, 'PASTO (SAN JUAN DE P', 1),
(723, 17, 'ALBAN (SAN JOSE)', 19),
(724, 17, 'ALDANA', 22),
(725, 17, 'ANCUYA', 36),
(726, 17, 'ARBOLEDA (BERRUECOS)', 51),
(727, 17, 'BARBACOAS', 79),
(728, 17, 'BELEN', 83),
(729, 17, 'BUESACO', 110),
(730, 17, 'COLON (GENOVA)', 203),
(731, 17, 'CONSACA', 207),
(732, 17, 'CONTADERO', 210),
(733, 17, 'CORDOBA', 215),
(734, 17, 'CUASPUD (CARLOSAMA)', 224),
(735, 17, 'CUMBAL', 227),
(736, 17, 'CUMBITARA', 233),
(737, 17, 'CHACHAGUI', 240),
(738, 17, 'EL CHARCO', 250),
(739, 17, 'EL PEÑOL', 254),
(740, 17, 'EL ROSARIO', 256),
(741, 17, 'EL TABLON', 258),
(742, 17, 'EL TAMBO', 260),
(743, 17, 'FUNES', 287),
(744, 17, 'GUACHUCAL', 317),
(745, 17, 'GUAITARILLA', 320),
(746, 17, 'GUALMATAN', 323),
(747, 17, 'ILES', 352),
(748, 17, 'IMUES', 354),
(749, 17, 'IPIALES', 356),
(750, 17, 'LA CRUZ', 378),
(751, 17, 'LA FLORIDA', 381),
(752, 17, 'LA LLANADA', 385),
(753, 17, 'LA TOLA', 390),
(754, 17, 'LA UNION', 399),
(755, 17, 'LEIVA', 405),
(756, 17, 'LINARES', 411),
(757, 17, 'LOS ANDES (SOTOMAYOR', 418),
(758, 17, 'MAGUI (PAYAN)', 427),
(759, 17, 'MALLAMA (PIEDRANCHA)', 435),
(760, 17, 'MOSQUERA', 473),
(761, 17, 'OLAYA HERRERA (BOCAS', 490),
(762, 17, 'OSPINA', 506),
(763, 17, 'FRANCISCO PIZARRO (S', 520),
(764, 17, 'POLICARPA', 540),
(765, 17, 'POTOSI', 560),
(766, 17, 'PROVIDENCIA', 565),
(767, 17, 'PUERRES', 573),
(768, 17, 'PUPIALES', 585),
(769, 17, 'RICAURTE', 612),
(770, 17, 'ROBERTO PAYAN (SAN J', 621),
(771, 17, 'SAMANIEGO', 678),
(772, 17, 'SANDONA', 683),
(773, 17, 'SAN BERNARDO', 685),
(774, 17, 'SAN LORENZO', 687),
(775, 17, 'SAN PABLO', 693),
(776, 17, 'SAN PEDRO DE CARTAGO', 694),
(777, 17, 'SANTA BARBARA (ISCUA', 696),
(778, 17, 'SANTA CRUZ (GUACHAVE', 699),
(779, 17, 'SAPUYES', 720),
(780, 17, 'TAMINANGO', 786),
(781, 17, 'TANGUA', 788),
(782, 17, 'TUMACO', 835),
(783, 17, 'TUQUERRES', 838),
(784, 17, 'YACUANQUER', 885),
(785, 18, 'CUCUTA', 1),
(786, 18, 'ABREGO', 3),
(787, 18, 'ARBOLEDAS', 51),
(788, 18, 'BOCHALEMA', 99),
(789, 18, 'BUCARASICA', 109),
(790, 18, 'CACOTA', 125),
(791, 18, 'CACHIRA', 128),
(792, 18, 'CHINACOTA', 172),
(793, 18, 'CHITAGA', 174),
(794, 18, 'CONVENCION', 206),
(795, 18, 'CUCUTILLA', 223),
(796, 18, 'DURANIA', 239),
(797, 18, 'EL CARMEN', 245),
(798, 18, 'EL TARRA', 250),
(799, 18, 'EL ZULIA', 261),
(800, 18, 'GRAMALOTE', 313),
(801, 18, 'HACARI', 344),
(802, 18, 'HERRAN', 347),
(803, 18, 'LABATECA', 377),
(804, 18, 'LA ESPERANZA', 385),
(805, 18, 'LA PLAYA', 398),
(806, 18, 'LOS PATIOS', 405),
(807, 18, 'LOURDES', 418),
(808, 18, 'MUTISCUA', 480),
(809, 18, 'OCAÑA', 498),
(810, 18, 'PAMPLONA', 518),
(811, 18, 'PAMPLONITA', 520),
(812, 18, 'PUERTO SANTANDER', 553),
(813, 18, 'RAGONVALIA', 599),
(814, 18, 'SALAZAR', 660),
(815, 18, 'SAN CALIXTO', 670),
(816, 18, 'SAN CAYETANO', 673),
(817, 18, 'SANTIAGO', 680),
(818, 18, 'SARDINATA', 720),
(819, 18, 'SILOS', 743),
(820, 18, 'TEORAMA', 800),
(821, 18, 'TIBU', 810),
(822, 18, 'TOLEDO', 820),
(823, 18, 'VILLACARO', 871),
(824, 18, 'VILLA DEL ROSARIO', 874),
(825, 19, 'ARMENIA', 1),
(826, 19, 'BUENAVISTA', 111),
(827, 19, 'CALARCA', 130),
(828, 19, 'CIRCASIA', 190),
(829, 19, 'CORDOBA', 212),
(830, 19, 'FILANDIA', 272),
(831, 19, 'GENOVA', 302),
(832, 19, 'LA TEBAIDA', 401),
(833, 19, 'MONTENEGRO', 470),
(834, 19, 'PIJAO', 548),
(835, 19, 'QUIMBAYA', 594),
(836, 19, 'SALENTO', 690),
(837, 20, 'PEREIRA', 1),
(838, 20, 'APIA', 45),
(839, 20, 'BALBOA', 75),
(840, 20, 'BELEN DE UMBRIA', 88),
(841, 20, 'DOS QUEBRADAS', 170),
(842, 20, 'GUATICA', 318),
(843, 20, 'LA CELIA', 383),
(844, 20, 'LA VIRGINIA', 400),
(845, 20, 'MARSELLA', 440),
(846, 20, 'MISTRATO', 456),
(847, 20, 'PUEBLO RICO', 572),
(848, 20, 'QUINCHIA', 594),
(849, 20, 'SANTA ROSA DE CABAL', 682),
(850, 20, 'SANTUARIO', 687),
(851, 21, 'BUCARAMANGA', 1),
(852, 21, 'AGUADA', 13),
(853, 21, 'ALBANIA', 20),
(854, 21, 'ARATOCA', 51),
(855, 21, 'BARBOSA', 77),
(856, 21, 'BARICHARA', 79),
(857, 21, 'BARRANCABERMEJA', 81),
(858, 21, 'BETULIA', 92),
(859, 21, 'BOLIVAR', 101),
(860, 21, 'CABRERA', 121),
(861, 21, 'CALIFORNIA', 132),
(862, 21, 'CAPITANEJO', 147),
(863, 21, 'CARCASI', 152),
(864, 21, 'CEPITA', 160),
(865, 21, 'CERRITO', 162),
(866, 21, 'CHARALA', 167),
(867, 21, 'CHARTA', 169),
(868, 21, 'CHIMA', 176),
(869, 21, 'CHIPATA', 179),
(870, 21, 'CIMITARRA', 190),
(871, 21, 'CONCEPCION', 207),
(872, 21, 'CONFINES', 209),
(873, 21, 'CONTRATACION', 211),
(874, 21, 'COROMORO', 217),
(875, 21, 'CURITI', 229),
(876, 21, 'EL CARMEN DE CHUCURY', 235),
(877, 21, 'EL GUACAMAYO', 245),
(878, 21, 'EL PEÑON', 250),
(879, 21, 'EL PLAYON', 255),
(880, 21, 'ENCINO', 264),
(881, 21, 'ENCISO', 266),
(882, 21, 'FLORIAN', 271),
(883, 21, 'FLORIDABLANCA', 276),
(884, 21, 'GALAN', 296),
(885, 21, 'GAMBITA', 298),
(886, 21, 'GIRON', 307),
(887, 21, 'GUACA', 318),
(888, 21, 'GUADALUPE', 320),
(889, 21, 'GUAPOTA', 322),
(890, 21, 'GUAVATA', 324),
(891, 21, 'GUEPSA', 327),
(892, 21, 'HATO', 344),
(893, 21, 'JESUS MARIA', 368),
(894, 21, 'JORDAN', 370),
(895, 21, 'LA BELLEZA', 377),
(896, 21, 'LANDAZURI', 385),
(897, 21, 'LA PAZ', 397),
(898, 21, 'LEBRIJA', 406),
(899, 21, 'LOS SANTOS', 418),
(900, 21, 'MACARAVITA', 425),
(901, 21, 'MALAGA', 432),
(902, 21, 'MATANZA', 444),
(903, 21, 'MOGOTES', 464),
(904, 21, 'MOLAGAVITA', 468),
(905, 21, 'OCAMONTE', 498),
(906, 21, 'OIBA', 500),
(907, 21, 'ONZAGA', 502),
(908, 21, 'PALMAR', 522),
(909, 21, 'PALMAS DEL SOCORRO', 524),
(910, 21, 'PARAMO', 533),
(911, 21, 'PIEDECUESTA', 547),
(912, 21, 'PINCHOTE', 549),
(913, 21, 'PUENTE NACIONAL', 572),
(914, 21, 'PUERTO PARRA', 573),
(915, 21, 'PUERTO WILCHES', 575),
(916, 21, 'RIONEGRO', 615),
(917, 21, 'SABANA DE TORRES', 655),
(918, 21, 'SAN ANDRES', 669),
(919, 21, 'SAN BENITO', 673),
(920, 21, 'SAN GIL', 679),
(921, 21, 'SAN JOAQUIN', 682),
(922, 21, 'SAN JOSE DE MIRANDA', 684),
(923, 21, 'SAN MIGUEL', 686),
(924, 21, 'SAN VICENTE DE CHUCU', 689),
(925, 21, 'SANTA BARBARA', 705),
(926, 21, 'SANTA HELENA DEL OPO', 720),
(927, 21, 'SIMACOTA', 745),
(928, 21, 'SOCORRO', 755),
(929, 21, 'SUAITA', 770),
(930, 21, 'SUCRE', 773),
(931, 21, 'SURATA', 780),
(932, 21, 'TONA', 820),
(933, 21, 'VALLE SAN JOSE', 855),
(934, 21, 'VELEZ', 861),
(935, 21, 'VETAS', 867),
(936, 21, 'VILLANUEVA', 872),
(937, 21, 'ZAPATOCA', 895),
(938, 22, 'SINCELEJO', 1),
(939, 22, 'BUENAVISTA', 110),
(940, 22, 'CAIMITO', 124),
(941, 22, 'COLOSO (RICAURTE)', 204),
(942, 22, 'COROZAL', 215),
(943, 22, 'CHALAN', 230),
(944, 22, 'GALERAS (NUEVA GRANA', 235),
(945, 22, 'GUARANDA', 265),
(946, 22, 'LA UNION', 400),
(947, 22, 'LOS PALMITOS', 418),
(948, 22, 'MAJAGUAL', 429),
(949, 22, 'MORROA', 473),
(950, 22, 'OVEJAS', 508),
(951, 22, 'PALMITO', 523),
(952, 22, 'SAMPUES', 670),
(953, 22, 'SAN BENITO ABAD', 678),
(954, 22, 'SAN JUAN DE BETULIA', 702),
(955, 22, 'SAN MARCOS', 708),
(956, 22, 'SAN ONOFRE', 713),
(957, 22, 'SAN PEDRO', 717),
(958, 22, 'SINCE', 742),
(959, 22, 'SUCRE', 771),
(960, 22, 'TOLU', 820),
(961, 22, 'TOLUVIEJO', 823),
(962, 23, 'IBAGUE', 1),
(963, 23, 'ALPUJARRA', 24),
(964, 23, 'ALVARADO', 26),
(965, 23, 'AMBALEMA', 30),
(966, 23, 'ANZOATEGUI', 43),
(967, 23, 'ARMERO (GUAYABAL)', 55),
(968, 23, 'ATACO', 67),
(969, 23, 'CAJAMARCA', 124),
(970, 23, 'CARMEN APICALA', 148),
(971, 23, 'CASABIANCA', 152),
(972, 23, 'CHAPARRAL', 168),
(973, 23, 'COELLO', 200),
(974, 23, 'COYAIMA', 217),
(975, 23, 'CUNDAY', 226),
(976, 23, 'DOLORES', 236),
(977, 23, 'ESPINAL', 268),
(978, 23, 'FALAN', 270),
(979, 23, 'FLANDES', 275),
(980, 23, 'FRESNO', 283),
(981, 23, 'GUAMO', 319),
(982, 23, 'HERVEO', 347),
(983, 23, 'HONDA', 349),
(984, 23, 'ICONONZO', 352),
(985, 23, 'LERIDA', 408),
(986, 23, 'LIBANO', 411),
(987, 23, 'MARIQUITA', 443),
(988, 23, 'MELGAR', 449),
(989, 23, 'MURILLO', 461),
(990, 23, 'NATAGAIMA', 483),
(991, 23, 'ORTEGA', 504),
(992, 23, 'PALOCABILDO', 520),
(993, 23, 'PIEDRAS', 547),
(994, 23, 'PLANADAS', 555),
(995, 23, 'PRADO', 563),
(996, 23, 'PURIFICACION', 585),
(997, 23, 'RIOBLANCO', 616),
(998, 23, 'RONCESVALLES', 622),
(999, 23, 'ROVIRA', 624),
(1000, 23, 'SALDAÑA', 671),
(1001, 23, 'SAN ANTONIO', 675),
(1002, 23, 'SAN LUIS', 678),
(1003, 23, 'SANTA ISABEL', 686),
(1004, 23, 'SUAREZ', 770),
(1005, 23, 'VALLE DE SAN JUAN', 854),
(1006, 23, 'VENADILLO', 861),
(1007, 23, 'VILLAHERMOSA', 870),
(1008, 23, 'VILLARRICA', 873),
(1009, 24, 'CALI (SANTIAGO DE CA', 1),
(1010, 24, 'ALCALA', 20),
(1011, 24, 'ANDALUCIA', 36),
(1012, 24, 'ANSERMANUEVO', 41),
(1013, 24, 'ARGELIA', 54),
(1014, 24, 'BOLIVAR', 100),
(1015, 24, 'BUENAVENTURA', 109),
(1016, 24, 'BUGA', 111),
(1017, 24, 'BUGALAGRANDE', 113),
(1018, 24, 'CAICEDONIA', 122),
(1019, 24, 'CALIMA (DARIEN)', 126),
(1020, 24, 'CANDELARIA', 130),
(1021, 24, 'CARTAGO', 147),
(1022, 24, 'DAGUA', 233),
(1023, 24, 'EL AGUILA', 243),
(1024, 24, 'EL CAIRO', 246),
(1025, 24, 'EL CERRITO', 248),
(1026, 24, 'EL DOVIO', 250),
(1027, 24, 'FLORIDA', 275),
(1028, 24, 'GINEBRA', 306),
(1029, 24, 'GUACARI', 318),
(1030, 24, 'JAMUNDI', 364),
(1031, 24, 'LA CUMBRE', 377),
(1032, 24, 'LA UNION', 400),
(1033, 24, 'LA VICTORIA', 403),
(1034, 24, 'OBANDO', 497),
(1035, 24, 'PALMIRA', 520),
(1036, 24, 'PRADERA', 563),
(1037, 24, 'RESTREPO', 606),
(1038, 24, 'RIOFRIO', 616),
(1039, 24, 'ROLDANILLO', 622),
(1040, 24, 'SAN PEDRO', 670),
(1041, 24, 'SEVILLA', 736),
(1042, 24, 'TORO', 823),
(1043, 24, 'TRUJILLO', 828),
(1044, 24, 'TULUA', 834),
(1045, 24, 'ULLOA', 845),
(1046, 24, 'VERSALLES', 863),
(1047, 24, 'VIJES', 869),
(1048, 24, 'YOTOCO', 890),
(1049, 24, 'YUMBO', 892),
(1050, 24, 'ZARZAL', 895),
(1051, 25, 'ARAUCA', 1),
(1052, 25, 'ARAUQUITA', 65),
(1053, 25, 'CRAVO NORTE', 220),
(1054, 25, 'FORTUL', 300),
(1055, 25, 'PUERTO RONDON', 591),
(1056, 25, 'SARAVENA', 736),
(1057, 25, 'TAME', 794),
(1058, 26, 'YOPAL', 1),
(1059, 26, 'AGUAZUL', 10),
(1060, 26, 'CHAMEZA', 15),
(1061, 26, 'HATO COROZAL', 125),
(1062, 26, 'LA SALINA', 136),
(1063, 26, 'MANI', 139),
(1064, 26, 'MONTERREY', 162),
(1065, 26, 'NUNCHIA', 225),
(1066, 26, 'OROCUE', 230),
(1067, 26, 'PAZ DE ARIPORO', 250),
(1068, 26, 'PORE', 263),
(1069, 26, 'RECETOR', 279),
(1070, 26, 'SABANALARGA', 300),
(1071, 26, 'SACAMA', 315),
(1072, 26, 'SAN LUIS DE PALENQUE', 325),
(1073, 26, 'TAMARA', 400),
(1074, 26, 'TAURAMENA', 410),
(1075, 26, 'TRINIDAD', 430),
(1076, 26, 'VILLANUEVA', 440),
(1077, 27, 'MOCOA', 1),
(1078, 27, 'COLON', 219),
(1079, 27, 'ORITO', 320),
(1080, 27, 'PUERTO ASIS', 568),
(1081, 27, 'PUERTO CAICEDO', 569),
(1082, 27, 'PUERTO GUZMAN', 571),
(1083, 27, 'PUERTO LEGUIZAMO', 573),
(1084, 27, 'SIBUNDOY', 749),
(1085, 27, 'SAN FRANCISCO', 755),
(1086, 27, 'SAN MIGUEL (LA DORAD', 757),
(1087, 27, 'SANTIAGO', 760),
(1088, 27, 'LA HORMIGA (VALLE DE', 865),
(1089, 27, 'VILLAGARZON', 885),
(1090, 28, 'SAN ANDRES', 1),
(1091, 28, 'PROVIDENCIA', 564),
(1092, 29, 'LETICIA', 1),
(1093, 29, 'EL ENCANTO', 263),
(1094, 29, 'LA CHORRERA', 405),
(1095, 29, 'LA PEDRERA', 407),
(1096, 29, 'LA VICTORIA', 430),
(1097, 29, 'MIRITI-PARANA', 460),
(1098, 29, 'PUERTO ALEGRIA', 530),
(1099, 29, 'PUERTO ARICA', 536),
(1100, 29, 'PUERTO NARIÑO', 540),
(1101, 29, 'PUERTO SANTANDER', 669),
(1102, 29, 'TARAPACA', 798),
(1103, 30, 'PUERTO INIRIDA', 1),
(1104, 30, 'BARRANCO MINAS', 343),
(1105, 30, 'SAN FELIPE', 883),
(1106, 30, 'PUERTO COLOMBIA', 884),
(1107, 30, 'LA GUADALUPE', 885),
(1108, 30, 'CACAHUAL', 886),
(1109, 30, 'PANA PANA (CAMPO ALE', 887),
(1110, 30, 'MORICHAL (MORICHAL N', 888),
(1111, 31, 'SAN JOSE DEL GUAVIAR', 1),
(1112, 31, 'CALAMAR', 15),
(1113, 31, 'EL RETORNO', 25),
(1114, 31, 'MIRAFLORES', 200),
(1115, 32, 'MITU', 1),
(1116, 32, 'CARURU', 161),
(1117, 32, 'PACOA', 511),
(1118, 32, 'TARAIRA', 666),
(1119, 32, 'PAPUNAUA (MORICHAL)', 777),
(1120, 32, 'YAVARATE', 889),
(1121, 33, 'PUERTO CARREÑO', 1),
(1122, 33, 'LA PRIMAVERA', 524),
(1123, 33, 'SANTA RITA', 572),
(1124, 33, 'SANTA ROSALIA', 666),
(1125, 33, 'SAN JOSE DE OCUNE', 760),
(1126, 33, 'CUMARIBO', 773);

-- --------------------------------------------------------

--
-- Table structure for table `pedido`
--

CREATE TABLE `pedido` (
  `idPedido` int(11) NOT NULL,
  `Producto_idProducto` int(11) NOT NULL,
  `Cliente_idCliente` int(11) NOT NULL,
  `Codigo` int(12) NOT NULL,
  `Estado` varchar(20) NOT NULL,
  `Fecha` date DEFAULT NULL
) ENGINE=InnoDB DEFAULT CHARSET=utf8mb4;

-- --------------------------------------------------------

--
-- Table structure for table `producto`
--

CREATE TABLE `producto` (
  `idProducto` int(11) NOT NULL,
  `DetallesProducto_idDetallesProducto` int(11) NOT NULL,
  `Cod_Producto` char(3) NOT NULL
) ENGINE=InnoDB DEFAULT CHARSET=utf8mb4;

--
-- Dumping data for table `producto`
--

INSERT INTO `producto` (`idProducto`, `DetallesProducto_idDetallesProducto`, `Cod_Producto`) VALUES
(1, 1, '001'),
(2, 2, '002'),
(3, 3, '003'),
(4, 4, '004'),
(5, 5, '005'),
(6, 6, '006'),
(7, 7, '007'),
(8, 8, '008'),
(9, 9, '009'),
(10, 10, '010'),
(11, 11, '011'),
(12, 12, '012'),
(13, 13, '013'),
(14, 14, '014'),
(15, 15, '015'),
(16, 16, '016'),
(17, 17, '017'),
(18, 18, '018'),
(19, 19, '019'),
(20, 20, '020'),
(21, 21, '021'),
(22, 22, '022'),
(23, 23, '023'),
(24, 24, '024'),
(25, 25, '025'),
(26, 26, '026'),
(27, 27, '027'),
(28, 28, '028'),
(29, 29, '029'),
(30, 30, '030'),
(31, 31, '031'),
(32, 32, '032'),
(33, 33, '033'),
(34, 34, '034'),
(35, 35, '035'),
(36, 36, '036'),
(37, 37, '037'),
(38, 38, '038'),
(39, 39, '039'),
(40, 40, '040'),
(41, 41, '041'),
(42, 42, '042'),
(43, 43, '043'),
(44, 44, '044'),
(45, 45, '045'),
(46, 46, '046'),
(47, 47, '047'),
(48, 48, '048'),
(49, 49, '049'),
(50, 50, '050'),
(51, 51, '051'),
(52, 52, '052'),
(53, 53, '053'),
(54, 54, '054'),
(55, 55, '055'),
(56, 56, '056'),
(57, 57, '057'),
(58, 58, '058'),
(59, 59, '059'),
(60, 60, '060'),
(61, 61, '061'),
(62, 62, '062'),
(63, 63, '063'),
(64, 64, '064'),
(65, 65, '065'),
(66, 66, '066');

-- --------------------------------------------------------

--
-- Table structure for table `telefono`
--

CREATE TABLE `telefono` (
  `idTelefono` int(11) NOT NULL,
  `Telefono1` varchar(7) DEFAULT NULL,
  `Telefono2` varchar(7) DEFAULT NULL
) ENGINE=InnoDB DEFAULT CHARSET=utf8mb4;

--
-- Dumping data for table `telefono`
--

INSERT INTO `telefono` (`idTelefono`, `Telefono1`, `Telefono2`) VALUES
(1, '6591713', '6591713');

--
-- Indexes for dumped tables
--

--
-- Indexes for table `categoria`
--
ALTER TABLE `categoria`
  ADD PRIMARY KEY (`idCategoria`);

--
-- Indexes for table `celular`
--
ALTER TABLE `celular`
  ADD PRIMARY KEY (`idCelular`);

--
-- Indexes for table `cliente`
--
ALTER TABLE `cliente`
  ADD PRIMARY KEY (`idCliente`),
  ADD KEY `IFK_Rel_09` (`Celular_idCelular`),
  ADD KEY `IFK_Rel_10` (`Telefono_idTelefono`),
  ADD KEY `IFK_Rel_11` (`Municipio_idMunicipio`);

--
-- Indexes for table `departamento`
--
ALTER TABLE `departamento`
  ADD PRIMARY KEY (`idDepartamento`);

--
-- Indexes for table `detallesproducto`
--
ALTER TABLE `detallesproducto`
  ADD PRIMARY KEY (`idDetallesProducto`),
  ADD KEY `IFK_Rel_10` (`Categoria_idCategoria`);

--
-- Indexes for table `municipio`
--
ALTER TABLE `municipio`
  ADD PRIMARY KEY (`idMunicipio`),
  ADD KEY `IFK_Rel_08` (`Departamento_idDepartamento`);

--
-- Indexes for table `pedido`
--
ALTER TABLE `pedido`
  ADD PRIMARY KEY (`idPedido`) USING BTREE,
  ADD KEY `IFK_Rel_07` (`Cliente_idCliente`) USING BTREE,
  ADD KEY `IFK_Rel_04` (`Producto_idProducto`) USING BTREE;

--
-- Indexes for table `producto`
--
ALTER TABLE `producto`
  ADD PRIMARY KEY (`idProducto`),
  ADD KEY `IFK_Rel_11` (`DetallesProducto_idDetallesProducto`);

--
-- Indexes for table `telefono`
--
ALTER TABLE `telefono`
  ADD PRIMARY KEY (`idTelefono`);

--
-- AUTO_INCREMENT for dumped tables
--

--
-- AUTO_INCREMENT for table `celular`
--
ALTER TABLE `celular`
  MODIFY `idCelular` int(11) NOT NULL AUTO_INCREMENT, AUTO_INCREMENT=2;

--
-- AUTO_INCREMENT for table `cliente`
--
ALTER TABLE `cliente`
  MODIFY `idCliente` int(11) NOT NULL AUTO_INCREMENT, AUTO_INCREMENT=2;

--
-- AUTO_INCREMENT for table `departamento`
--
ALTER TABLE `departamento`
  MODIFY `idDepartamento` int(11) NOT NULL AUTO_INCREMENT, AUTO_INCREMENT=34;

--
-- AUTO_INCREMENT for table `detallesproducto`
--
ALTER TABLE `detallesproducto`
  MODIFY `idDetallesProducto` int(11) NOT NULL AUTO_INCREMENT, AUTO_INCREMENT=67;

--
-- AUTO_INCREMENT for table `municipio`
--
ALTER TABLE `municipio`
  MODIFY `idMunicipio` int(11) NOT NULL AUTO_INCREMENT, AUTO_INCREMENT=1127;

--
-- AUTO_INCREMENT for table `pedido`
--
ALTER TABLE `pedido`
  MODIFY `idPedido` int(11) NOT NULL AUTO_INCREMENT;

--
-- AUTO_INCREMENT for table `producto`
--
ALTER TABLE `producto`
  MODIFY `idProducto` int(11) NOT NULL AUTO_INCREMENT, AUTO_INCREMENT=67;

--
-- AUTO_INCREMENT for table `telefono`
--
ALTER TABLE `telefono`
  MODIFY `idTelefono` int(11) NOT NULL AUTO_INCREMENT, AUTO_INCREMENT=2;

--
-- Constraints for dumped tables
--

--
-- Constraints for table `cliente`
--
ALTER TABLE `cliente`
  ADD CONSTRAINT `cliente_ibfk_1` FOREIGN KEY (`Celular_idCelular`) REFERENCES `celular` (`idCelular`),
  ADD CONSTRAINT `cliente_ibfk_2` FOREIGN KEY (`Telefono_idTelefono`) REFERENCES `telefono` (`idTelefono`),
  ADD CONSTRAINT `cliente_ibfk_3` FOREIGN KEY (`Municipio_idMunicipio`) REFERENCES `municipio` (`idMunicipio`);

--
-- Constraints for table `detallesproducto`
--
ALTER TABLE `detallesproducto`
  ADD CONSTRAINT `detallesproducto_ibfk_1` FOREIGN KEY (`Categoria_idCategoria`) REFERENCES `categoria` (`idCategoria`);

--
-- Constraints for table `municipio`
--
ALTER TABLE `municipio`
  ADD CONSTRAINT `municipio_ibfk_1` FOREIGN KEY (`Departamento_idDepartamento`) REFERENCES `departamento` (`idDepartamento`);

--
-- Constraints for table `pedido`
--
ALTER TABLE `pedido`
  ADD CONSTRAINT `pedido_ibfk_1` FOREIGN KEY (`Producto_idProducto`) REFERENCES `producto` (`idProducto`),
  ADD CONSTRAINT `pedido_ibfk_2` FOREIGN KEY (`Cliente_idCliente`) REFERENCES `cliente` (`idCliente`);

--
-- Constraints for table `producto`
--
ALTER TABLE `producto`
  ADD CONSTRAINT `producto_ibfk_1` FOREIGN KEY (`DetallesProducto_idDetallesProducto`) REFERENCES `detallesproducto` (`idDetallesProducto`);
COMMIT;

/*!40101 SET CHARACTER_SET_CLIENT=@OLD_CHARACTER_SET_CLIENT */;
/*!40101 SET CHARACTER_SET_RESULTS=@OLD_CHARACTER_SET_RESULTS */;
/*!40101 SET COLLATION_CONNECTION=@OLD_COLLATION_CONNECTION */;
